Média,Média Absoluta,Variância,Desvio Padrão,Assimetria,Kurtose,Entropia,RMS,Máximo,Pico-a-pico,Fator de Cresta,Taxa de cruzamento por zero,Fator de Forma,Energia,Energia Média,Variância da Energia,Desvio Padrão da Energia,Assimetria da Energia,Entropia da Energia,Kurtose da Energia,Densidade da Energia,RMS da Energia,Frequência de Pico,Centroide Espectral,Largura de Banda Espectral,Planicidade Espectral,Corte Espectral,Razão Pico para RMS
-2.8189256484623115e-18,0.11965403426364803,0.02217017747252636,0.1488965327753684,0.004839086962776867,-0.1718097948839068,3.138735306604558,0.1488965327753684,0.5017390002323278,0.9757907866317139,3.3697158078843406,878,1.2443920816517302,0.01774347342011813,9.246208139717629e-06,1.8491080628174455e-09,4.300125652603009e-05,11.76392539093378,0.4338966963133135,194.8677892034395,0.9701398360365997,4.3984092894823084e-05,107.8125,115.0452317104399,128.52597695885294,1.0,255.46875,714.0926620523707
2.303929616531697e-18,0.10927932030027045,0.018929044057612643,0.13758286251424137,0.012471025552739424,-0.026061629230794026,3.1102013768397683,0.13758286251424137,0.4833491350166004,0.928479241184222,3.5131492846107073,872,1.259001814215172,0.016831827027005582,8.771144881191028e-06,1.2482654107756978e-09,3.5330799747185145e-05,8.414218405341316,0.5901399017263798,93.45480699775973,0.9935914881688251,3.64032744859929e-05,15.625,117.4942821831171,131.88332950019654,1.0,255.46875,685.8068904259716
2.710505431213761e-19,0.11325916097791763,0.020095912809992417,0.14176005364697214,-0.017054784153242304,-0.16171139991468753,3.1026794735704613,0.14176005364697214,0.49361540128161835,0.9667457435316484,3.482048634877626,883,1.2516431555996728,0.01606763490227225,8.372920741152815e-06,9.381046881591136e-10,3.0628494709324415e-05,8.005272208365367,0.722780160413058,85.14285926276386,0.9433160307330196,3.175233046402642e-05,255.46875,128.55698373831507,133.37626451347722,1.0,255.46875,680.8282593665173
-4.0115480381963664e-18,0.11043574921955532,0.01909702032802961,0.13819196911553727,0.0172305594408606,-0.02363389641536262,3.054328119111226,0.13819196911553727,0.5231459557037084,0.9950947431937875,3.78564658316957,868,1.2513336495847944,0.01636477390770059,8.52776128593048e-06,1.319193906517208e-09,3.632070905856889e-05,9.39900649965305,0.5600220486838132,115.5442517666914,0.9989938489342575,3.730839877382871e-05,1.5625,114.58368235549456,134.19251209370964,1.0,251.5625,665.6852985675911
2.6020852139652106e-18,0.11364421530469736,0.019970119054708912,0.1413156716528953,-0.04445581786933974,-0.1748805228007222,3.032511712374737,0.1413156716528953,0.44568953219409907,1.0402905629972599,3.1538577921408315,876,1.243491991862556,0.01608574649557767,8.382358778310406e-06,1.2344886694549978e-09,3.513529094023554e-05,12.06861955565436,0.4721291470365139,228.7257660649536,0.998680302628951,3.612135944483977e-05,107.8125,120.22023426201116,127.42344979643289,1.0,253.125,820.9959321925032
2.0599841277224584e-18,0.11174717899154257,0.01930421943409579,0.1389396251401874,0.004884399456206125,-0.1061211550145944,3.094862030929297,0.1389396251401874,0.5005914493849275,0.9557730489046526,3.6029422771210187,866,1.2433389942729816,0.015564103526150065,8.110528153282993e-06,1.2474240165744513e-09,3.531889036442752e-05,10.145542693644812,0.5175791128598837,139.40853685207762,0.996825364895657,3.623816611667384e-05,5.46875,110.86727293151436,132.3073143124662,1.0,255.46875,721.9675268683144
-8.673617379884035e-19,0.10660899603058344,0.017624842208421924,0.13275858619472386,0.013471262888484083,-0.16728950776080742,3.0750654814420098,0.13275858619472386,0.49568630385650614,0.9337788401973484,3.733741960233423,877,1.2452850241328486,0.014172086652254404,7.385141559277959e-06,8.195727652009668e-10,2.8628181311444968e-05,9.145161696746518,0.6185856203132805,114.92105880911478,0.9932262912079171,2.9565403448144276e-05,107.8125,130.85977355795737,132.67866862674893,1.0,255.46875,782.0496363175812
-1.734723475976807e-18,0.11482668559939804,0.020592765959491804,0.14350179775700306,0.011190325783753875,0.008449783769489017,3.075870794308127,0.14350179775700306,0.5500081411178728,1.008054868603089,3.8327613292289344,807,1.2497251575966009,0.01723692224364644,8.98224191956563e-06,1.2632452810587645e-09,3.554216202003987e-05,9.47329818322037,0.6124065216796468,125.27259471442773,0.9981042226269218,3.6659595619160434e-05,107.8125,126.27999623843976,128.356779299259,1.0,257.03125,690.6603757896028
-8.673617379884035e-19,0.1078170809535618,0.018001714993284085,0.13417046990036252,-0.020688813562216708,-0.1703689900153451,3.1085181534530704,0.13417046990036252,0.44619193762810344,0.9096144566180017,3.3255599235767295,836,1.244426845113266,0.014370153800583173,7.488355289517026e-06,9.601902979246066e-10,3.098693753704303e-05,11.390314117759859,0.4652490292673913,208.45375097841804,0.9885285396791321,3.187892348977055e-05,28.125,120.79568516300459,126.53499289673508,1.0,251.5625,864.0351956337373
-3.469446951953614e-18,0.10455075247276487,0.017197155818533538,0.1311379266975559,0.16908641928199195,0.036094610468372146,3.0131037448575606,0.1311379266975559,0.5465630899157904,0.9846653854377592,4.167849101170646,813,1.2542992144577525,0.014587585217718971,7.601659832057827e-06,7.860659122013203e-10,2.803686701829076e-05,8.629602481167666,0.6379098990098718,103.19361802914497,0.9805686488082824,2.9049116069230778e-05,1.5625,131.1447599143459,140.78603529200353,1.0,282.8125,784.4351697705009
2.6020852139652106e-18,0.09970229000953174,0.015451592057780243,0.12430443297718807,0.037837922359119314,-0.004537456053561151,3.004531441160194,0.12430443297718807,0.4631704244538031,0.9446037453931039,3.7260973994290496,831,1.2467560470808075,0.013013091295065529,6.781183582629248e-06,5.429734306258742e-10,2.330179028799878e-05,6.5643510895433685,0.8232446366352444,54.31364342975573,0.9979948187404684,2.4268454450318718e-05,20.3125,128.19232554274197,130.056976134384,1.0,255.46875,700.0261286545526
-1.734723475976807e-18,0.09917773548402839,0.015368505518229705,0.12396977663216831,0.1109286402467485,-0.04711554531670359,3.0680863880084717,0.12396977663216831,0.4575321173729062,0.8774990631679888,3.690674693481568,853,1.2499758743950393,0.012852597103048967,6.69754929809743e-06,5.127439000056268e-10,2.264384905455843e-05,7.244812947895228,0.7775974683417972,71.53879641063428,0.9974797346996653,2.3613578013635974e-05,12.5,130.4709364821439,139.9875931048599,1.0,257.8125,776.7281313998473
-6.5052130349130266e-18,0.08890140106916285,0.012193635894588188,0.1104247974622919,0.05733639612437674,-0.25494909765719465,3.205310747815052,0.1104247974622919,0.35973356340007057,0.6709725096275393,3.257724457433695,770,1.2421041303543061,0.009543616260505438,4.97322368968496e-06,3.0040267369904124e-10,1.7332128366102107e-05,8.91381824854046,0.621882487881728,130.96576510761847,0.9978319915015263,1.803151761684759e-05,254.6875,149.40573966241652,131.64171228638472,1.0,264.84375,1070.8938039736645
1.3010426069826053e-18,0.09829419610415546,0.015226702620635232,0.12339652596663826,0.0756843489246281,0.009003089638831785,3.061006872948949,0.12339652596663826,0.47949321804950606,0.8813842408667002,3.885791875365623,878,1.2553795733359845,0.01322718545372372,6.8927490639519124e-06,5.810545063310731e-10,2.4105072211695882e-05,8.206435705604315,0.6443189777980729,102.06395895295529,0.9738164553819542,2.507118856356202e-05,14.84375,132.99264534058946,134.02608388713512,1.0,259.375,863.591304880322
1.5178830414797062e-18,0.09750512119989929,0.014787354154958784,0.12160326539595384,0.03611499709314614,-0.10949717772772338,3.10214029465083,0.12160326539595384,0.39405741932539884,0.8298557558243487,3.2405167578543534,866,1.2471474718404785,0.011926095770082867,6.214745059970227e-06,5.114241520080895e-10,2.261468885499178e-05,9.016731300734518,0.6072452225257724,123.9131775531232,0.9830795243867086,2.3453085259055235e-05,107.8125,128.66843270722467,132.1872730714021,1.0,256.25,917.1743415754036
2.168404344971009e-19,0.10182699532565855,0.016305331515081223,0.1276923314654456,-0.06659539753979847,-0.07244401180409765,3.1038700039504885,0.1276923314654456,0.40888994000465934,0.8693296955719468,3.2021495364058548,896,1.254012563731903,0.01347441083727325,7.021579383675482e-06,6.573466782136874e-10,2.5638772946724408e-05,8.17552223199761,0.6513623015983493,96.53306197199079,0.9679309958116075,2.6582875225508317e-05,107.8125,128.22822237862292,133.70129764692282,1.0,255.46875,811.5669495904922
2.5478751053409354e-18,0.09492462670886831,0.01410328368118769,0.11875724685756103,-0.03716363173408235,-0.017421863000566695,3.093237815520467,0.11875724685756103,0.38810520494186007,0.8178815191716359,3.268054920533468,862,1.2510688845981648,0.011601764249461088,6.045734366576909e-06,4.784801885383854e-10,2.1874190008738277e-05,8.939948150474228,0.6465206020720795,113.95517814090864,0.9736795291611875,2.2694296476639114e-05,11.71875,131.14690745503034,136.8619429164966,1.0,255.46875,886.9863234605983
7.806255641895632e-18,0.0817108273073069,0.010463996799668791,0.10229367917749753,0.06582463237819017,-0.009574327135890126,3.014763564824334,0.10229367917749753,0.37317040457990946,0.7676468793387881,3.6480299426164264,729,1.2518987085124034,0.008943167557615365,4.660327023249279e-06,2.44620872308342e-10,1.5640360363762146e-05,7.087153833352703,0.7347797572850925,72.64653010813767,0.9988292403147133,1.63199117727998e-05,10.9375,139.38563378293955,128.42264090515835,1.0,260.15625,997.6931759877197
3.469446951953614e-18,0.0992239734213179,0.015326834796235398,0.12380159448179735,0.07144766164334201,-0.13123799821585447,3.157949939664364,0.12380159448179735,0.41598077975299014,0.7943700336893003,3.360059953138585,832,1.247698416149086,0.01259128855002227,6.56138017197617e-06,4.467696275677561e-10,2.113692568865577e-05,6.079019588232867,0.8421368312937388,48.13850099601453,0.9768357706794795,2.213190767486974e-05,33.59375,137.8027958148129,135.5679557791413,1.0,268.75,771.8958433971297
3.3393426912553537e-17,0.07633083499515111,0.009077466266317027,0.09527573807804916,-0.008496241938379324,-0.10047417850867335,3.112605327294908,0.09527573807804916,0.33582361445794806,0.642548611161123,3.524754793112638,731,1.248194626511049,0.0074698420471518475,3.892570113158858e-06,1.6188707156448425e-10,1.2723485040054248e-05,6.5295432517335525,0.7905863380068112,58.61749522637231,0.993742623021597,1.3305606850134336e-05,6.25,153.90175701776147,128.59976399332336,1.0,261.71875,1023.6531682192907
-5.637851296924623e-18,0.09984293139182887,0.015446982545059126,0.12428589036998176,0.04129018717004712,-0.11868143520461638,3.066867195987551,0.12428589036998176,0.47226128423261965,0.8815434850524408,3.7997980529146442,815,1.244814115905989,0.012373019296311483,6.447639028823076e-06,5.745410642223879e-10,2.396958623385869e-05,6.849805008520784,0.7194319580894923,58.29105487800611,0.9733877199503319,2.4821625919113162e-05,14.0625,116.68547232064924,119.94861746242839,1.0,251.5625,718.7114690305657
0.0,0.09300444432997192,0.013398828985552842,0.1157533109053596,0.0641112944018327,-0.1305019683197517,3.117765182476851,0.1157533109053596,0.425269385957028,0.7762286134511917,3.673928483175138,785,1.2445997794973822,0.010809703760199635,5.6329878896298254e-06,4.465742715208762e-10,2.113230398042003e-05,8.590256959893805,0.6366883145867979,100.53216327987668,0.9965467055327143,2.1870181162614826e-05,20.3125,130.46774046980664,127.05755803519118,1.0,255.46875,883.4592942917708
4.336808689942018e-19,0.08579326301653938,0.011595533737403789,0.1076825600429512,0.01850656046489667,0.08141142213280084,3.034518589114734,0.1076825600429512,0.4199256754132927,0.792222615182696,3.8996628167625054,797,1.2551400454624504,0.01012463716921405,5.2759964404450495e-06,3.055877146281378e-10,1.748106731947846e-05,8.136265665235275,0.6817527323144058,105.72010320029659,0.9865372171770461,1.8259897400251914e-05,34.375,136.82188224777082,132.8861916854541,1.0,259.375,1020.5395558608577
5.204170427930421e-18,0.10009752532575389,0.015506859379294578,0.12452654086296053,-0.00046050105603667984,-0.05142164447621633,3.0078948764498437,0.12452654086296053,0.4256299513130499,0.9430911899515484,3.4179858234514753,810,1.2440521427248645,0.012723546132585877,6.630300225422552e-06,7.417806098091664e-10,2.7235649612395264e-05,9.008262051176338,0.6368678522342175,101.75039495272664,0.9819946655177122,2.8031080801289216e-05,7.8125,121.03273294093918,134.32940484463276,1.0,261.71875,735.2938516391238
-3.903127820947816e-18,0.09907261266390527,0.014827789652265536,0.12176941180881813,0.005557675689259209,-0.3461142101250303,3.1515715358953686,0.12176941180881813,0.39122832805050556,0.7839159312145484,3.2128620992663293,806,1.229092566902517,0.010827338430218998,5.642177399801458e-06,3.7429392705462133e-10,1.934667741640981e-05,7.896796087488263,0.657104204460557,97.80084213675437,0.9709205295203773,2.015262000002609e-05,5.46875,132.88214358145498,126.73808302496926,1.0,257.03125,957.4595304934995
3.2526065174565133e-19,0.0972118016765522,0.01474596108995748,0.12143294894697024,0.03296251573138442,-0.013942117132772491,2.9932265210725864,0.12143294894697024,0.45350323037581103,0.9347725994202981,3.7345978526294035,866,1.2491585059909476,0.012352962942774342,6.437187567886577e-06,5.016491388763165e-10,2.23975252846451e-05,6.805415187286191,0.7330126118759464,61.28264794802607,0.9944401744142837,2.3304216842890685e-05,14.84375,131.53132758164358,132.72080623586552,1.0,257.03125,789.804803738493
3.903127820947816e-18,0.09487158212237759,0.013827847902121188,0.1175918700511272,-0.020986687267814247,-0.21988103672502923,3.051447657077695,0.1175918700511272,0.3999409762870577,0.8480038770585034,3.4010937670535326,858,1.2394846530486026,0.010555630139303749,5.500588920950364e-06,3.0579471725558437e-10,1.7486987083416755e-05,6.042147238125373,0.8527700008958872,47.448754121912984,0.9963436408448478,1.8331699204734575e-05,50.0,141.53919604225703,140.72180807187573,1.0,267.96875,824.5292774787168
-8.673617379884035e-19,0.1030786495601061,0.016020741043327565,0.1265730660264164,-0.0008314890619039,-0.4007746309384994,3.178096862859927,0.1265730660264164,0.3877002726556509,0.7908977617590127,3.0630550782007284,849,1.227927088359947,0.01162961983061316,6.0602500420079e-06,5.548226145438104e-10,2.3554672881273695e-05,9.477767764032853,0.631939946436086,122.58643470072367,0.995962523718234,2.432178540147633e-05,30.46875,127.91185566517771,137.08749589573995,1.0,256.25,833.3315959532792
-3.577867169202165e-18,0.092496995079681,0.013584622313165753,0.11655308796066174,-0.02456859784256302,0.09345614634598487,3.0341774074756747,0.11655308796066174,0.450333694768079,0.8579719753568154,3.8637645955813094,823,1.2600743176603495,0.012048750658519966,6.2786611039708e-06,5.122059686978266e-10,2.263196784855057e-05,7.490490251555733,0.6693730405113709,78.47790151195386,0.9957429705490553,2.348675273332485e-05,13.28125,122.08438673498082,126.47740118164538,1.0,248.4375,826.8730010366744
-1.951563910473908e-18,0.09092274250137714,0.01305176353124178,0.11424431509375764,0.06370617474319903,-0.005409120586745253,3.0911671178941735,0.11424431509375764,0.418808329516426,0.7889694450673577,3.665900829925058,869,1.2564987807316446,0.011383744833986074,5.932123415313223e-06,4.286099102683097e-10,2.070289618068713e-05,7.204145180233092,0.7656776987129305,68.78458373232651,0.9976570194468538,2.1536016309494593e-05,16.40625,134.683090054918,136.827115354778,1.0,257.8125,797.1875050047074
1.734723475976807e-18,0.11619441278783159,0.020761802739574987,0.14408956499196945,-0.0073503078733703035,-0.18870056004909097,3.048730833019007,0.14408956499196945,0.546231510837572,1.0434379437203132,3.79091650993613,871,1.2400730941777192,0.015205282543689407,7.923544837774574e-06,1.6699586327012714e-09,4.0865127342286255e-05,13.614639244248703,0.3926657180684209,249.7861992550301,0.9147834902560501,4.1626208036494204e-05,15.625,120.07896120888405,128.36634733501216,1.0,261.71875,729.066870110732
0.0,0.09588124889256122,0.014447141987513946,0.12019626444908321,0.020940338522309736,-0.03875328248456178,3.064441441665999,0.12019626444908321,0.46438897847367083,0.8553462264121796,3.863589110711443,865,1.253595106836457,0.012174511222390029,6.344195530166769e-06,6.120903759695174e-10,2.474046030229667e-05,8.972500433901766,0.5526203027064369,117.56157399252655,0.9885196226792012,2.5540931715474e-05,17.1875,147.1779149225116,133.80176404666108,1.0,268.75,875.0049013073636
8.673617379884035e-19,0.10349347495772475,0.016752572353420172,0.1294317285421939,0.08669125094299297,-0.04573826243008927,3.046323109632088,0.1294317285421939,0.46863506090810125,0.9390092959923251,3.6207123723556647,831,1.2506269462404704,0.014257721091051775,7.42976607141833e-06,1.3955393430390517e-09,3.7356918275455376e-05,16.05344445732977,0.3622329533690952,368.9248144240404,0.9751339257961734,3.8088591033471566e-05,30.46875,135.23730283397887,133.58149636750608,1.0,267.1875,855.0183717731546
3.469446951953614e-18,0.0984011716734321,0.015311390417500983,0.12373920323608432,0.060338150646832824,0.007057714395273695,3.059969126857339,0.12373920323608432,0.4203775351261124,0.8848942099454458,3.397286584463182,865,1.2574972546743912,0.013334652546511982,6.948750675618542e-06,1.2264471133395953e-09,3.502066694595629e-05,15.983986733136607,0.3444083193758517,363.2615336416168,0.9949878380345077,3.5703392686011014e-05,15.625,126.2803119377381,134.6560853284125,1.0,255.46875,877.3458854356489
3.469446951953614e-18,0.07797358295535761,0.009644684218405617,0.09820735317890213,0.20127383254767306,0.08045363978495734,3.06013204057083,0.09820735317890213,0.3852738238918676,0.6998691291851555,3.9230649378160405,731,1.2594951964068266,0.007890381831136276,4.111715388815152e-06,5.299741966495743e-10,2.3021168446661745e-05,15.785164735587328,0.3362237505959931,314.16702546092847,0.9145292417194969,2.3385474125794273e-05,15.625,153.84783944801808,136.62882691128877,1.0,269.53125,1035.2246095058333
1.734723475976807e-18,0.10249055589801703,0.016512285632033007,0.12850013864596804,-0.10091811931231608,0.035294856666170826,2.9887721617220278,0.12850013864596804,0.45388561095292324,0.9929371944493748,3.53217993175422,847,1.2537754090614142,0.013654935034089646,7.1156513986918425e-06,9.325674447177756e-10,3.053796726564778e-05,11.008044510041994,0.5427133387551313,164.32761130445846,0.9612255767870381,3.135601919162381e-05,46.09375,132.331325871545,132.69869405904143,1.0,261.71875,773.7163930523047
1.0842021724855044e-18,0.09242371935969237,0.013259357839199924,0.11514928501384594,0.048317669975921476,-0.14484688086829545,3.0440386738934198,0.11514928501384594,0.4418552453639133,0.8370303240365171,3.837238288633604,885,1.2458845609286808,0.010888096881773997,5.673838917026575e-06,3.1476482606612594e-10,1.774161283722892e-05,5.7708612948358455,0.9015192919101461,42.76772551428484,0.9870554900078232,1.8626789152253033e-05,5.46875,147.14449491959095,139.18938339682637,1.0,270.3125,788.1832050984747
0.0,0.08727895849090708,0.011857163299165592,0.10889060243733428,0.08164962507518732,-0.12451257175069053,3.1602847898448676,0.10889060243733428,0.35149722081935275,0.6952613694676963,3.2279849036709733,610,1.2476157406103643,0.010561933593651752,5.503873680902424e-06,4.6433839435171183e-10,2.1548512578637807e-05,10.290667586794752,0.6114707963068471,143.96396055917626,0.9625423715496159,2.2240301703147878e-05,67.1875,184.18151784931175,149.90243662248457,1.0,323.4375,909.0180074659769
3.469446951953614e-18,0.08152001810038045,0.01046917806826719,0.10231900150151578,0.07606796186016619,0.05252313346728199,3.1262516241112444,0.10231900150151578,0.35353257996600235,0.67878267086694,3.4551996674905494,709,1.2551395827160428,0.009088977090594834,4.7363090623214345e-06,2.448620394198538e-10,1.5648068232847588e-05,6.024805940445095,0.8395712828854586,47.00758549356732,0.9900683249996924,1.6349148692017024e-05,34.375,140.70677399073054,128.33367213241573,1.0,258.59375,863.768243809665
-1.1655173354219173e-18,0.0974441657837247,0.014732970917910728,0.12137945014668146,0.05952417480708682,-0.08840472661259913,3.0302334286339834,0.12137945014668146,0.409829440013379,0.8965110672300927,3.376431838487644,844,1.2456307586036566,0.011443636839798188,5.96333342355299e-06,4.620788049473776e-10,2.1496018351019745e-05,6.925803090037431,0.6825828103894013,63.865456657080514,0.9597917995690768,2.2307849525847213e-05,30.46875,132.7358120154983,130.50922737101692,1.0,258.59375,829.0134907778132
2.0599841277224584e-18,0.10026407536767963,0.01536316008863799,0.12394821535075844,-0.044285261682698286,-0.13440049280886956,3.0737001373828465,0.12394821535075844,0.42494939874512216,0.8720822922455687,3.4284430602132256,810,1.236217607315745,0.011671828402651527,6.082245129052385e-06,6.168508885082262e-10,2.4836483014070778e-05,8.974011397692589,0.5363961879791856,116.38331985524295,0.9769211842802187,2.5570385103046607e-05,99.21875,126.95831925883357,120.29884518374793,1.0,254.6875,869.9975310149656
-1.734723475976807e-18,0.11337624877581468,0.01979772780259989,0.14070439866116444,-0.014954324311687544,-0.2633432596042109,3.1028714744569212,0.14070439866116444,0.5150577600435016,0.9579436595184145,3.660566158161349,803,1.241039460913787,0.01495030849464468,7.790676651716873e-06,1.089139653873598e-09,3.3002115899947964e-05,11.920220248173337,0.4701067585993099,210.10179135445077,0.9558391336948492,3.3909206663754384e-05,15.625,144.9870847387725,140.80239990602067,1.0,290.625,828.4506710832117
8.673617379884035e-19,0.10965299834605512,0.01855714013333915,0.136224594450999,-0.0882922582874321,-0.17189736733755856,3.0998806741429394,0.136224594450999,0.4043067591346292,0.9303124304117436,2.9679424685684155,838,1.242324391541819,0.0141417134506253,7.369313939877696e-06,9.737663402107597e-10,3.1205229372827234e-05,10.486892817851109,0.49472064682221967,160.35399967523543,0.9522055336996935,3.2063579465730825e-05,14.0625,132.29077653802278,134.48209940554386,1.0,265.625,803.1058332332373
-6.071532165918825e-18,0.08917037704719846,0.01214742124634699,0.11021534034038542,0.03783566205528434,-0.3173137160237154,3.17660178047781,0.11021534034038542,0.35746011547885254,0.691089558651639,3.2432882244421193,707,1.2360084591999394,0.00930079758463562,4.84668972623013e-06,4.567913932001558e-10,2.1372678662258408e-05,10.11127094354006,0.5595436420882476,129.88281902338346,0.9889132199166085,2.1915332406844766e-05,15.625,161.81246180228342,133.54472714542112,1.0,279.6875,886.1636786096947
-2.47198095326695e-17,0.07320226419033951,0.008538666888357398,0.0924049072742211,0.04440728632304598,0.08583715335917885,3.0003398763351736,0.0924049072742211,0.35592814880124013,0.7052822187894652,3.8518316753999504,701,1.2623230756080324,0.007326954945048261,3.818110966674446e-06,2.629338494093962e-10,1.6215235101884778e-05,9.218787735569277,0.5864093969325996,107.89507595970976,0.9809779496524919,1.6658686045520996e-05,15.625,143.14289687002326,120.53159089088128,1.0,254.6875,977.8472855207026
8.673617379884035e-19,0.099066194321807,0.015324954185120837,0.1237939989867071,0.029932307138303717,-0.11044398680189893,3.0989038251612526,0.1237939989867071,0.4255594068128906,0.8485536425509318,3.437641648999374,861,1.2496089088127702,0.012827318379309314,6.684376435283644e-06,5.102624021498811e-10,2.258898851542231e-05,6.172539852639058,0.7679051859183019,50.746006567792385,0.9938540702383054,2.355723435546831e-05,46.09375,133.31390476499985,124.23963312726056,1.0,250.78125,751.9236580616213
-1.734723475976807e-18,0.08260973591551166,0.010661191803620483,0.10325304743018718,0.11539581168604886,-0.11327104926514941,3.136392881996771,0.10325304743018718,0.35971151154822417,0.6769043671209174,3.4837859075436692,709,1.2498895715607696,0.008512560678918528,4.43593573679965e-06,2.9382981045572843e-10,1.714146465316568e-05,7.859143417433941,0.6523882431117359,78.71967843125658,0.9801146603540631,1.7706138379577423e-05,67.96875,173.85876793304803,140.39451507880156,1.0,315.625,928.5403819733821
5.637851296924623e-18,0.0854611130948283,0.011458539516933269,0.10704456790016609,-0.06086302480980844,0.017516596156616604,2.998604357552487,0.10704456790016609,0.39524588808154654,0.8186284125537577,3.69234885837615,768,1.252552933418836,0.009562426577461158,4.983025835050108e-06,6.144153191649219e-10,2.478740242875243e-05,14.666631759790018,0.4067820424005307,295.26757865047637,0.9740516444204743,2.5283311998978663e-05,15.625,140.857118531257,122.83549141943574,1.0,255.46875,993.0389087333408
2.6020852139652106e-18,0.09533769904584757,0.014195879003979669,0.11914646030822598,-0.0256554469465076,-0.08297463271077099,3.1012263200722496,0.11914646030822598,0.40792000188777655,0.8144369130911557,3.423685444221404,793,1.2497308147842845,0.011862930714840599,6.181829450151432e-06,6.846941196854575e-10,2.6166660461080195e-05,10.578513333482059,0.5180583569505383,157.8831471475288,0.9867921346064067,2.688696961422423e-05,2.34375,133.43164489766903,129.2750421020876,1.0,262.5,873.348615576273
1.734723475976807e-18,0.10603969660279429,0.01735670466725573,0.1317448468337784,0.0320061745154789,-0.17860538031662054,3.0693569138602643,0.1317448468337784,0.4837814003019587,0.9312619744972621,3.672108715662651,824,1.242410635398845,0.014060828291800576,7.327164300052411e-06,7.431598415832361e-10,2.7260958192683472e-05,8.470061544504029,0.6718464935303629,100.66004026724069,0.9929372374701628,2.8228481685404167e-05,15.625,126.24163650632666,131.30965208420625,1.0,263.28125,750.0174896997383
-2.6020852139652106e-18,0.10017490813483011,0.015809019827220112,0.12573392472686165,0.010789467013726694,0.009169337518146747,3.1129295768525105,0.12573392472686165,0.4453955595475406,0.8473832038211531,3.5423658373433944,762,1.2551438984863401,0.013932546895790274,7.260316256274244e-06,1.5673930638424e-09,3.9590315278391006e-05,19.40521720542444,0.3153760413755309,540.9382944247957,0.9948696308624044,4.0250531126725767e-05,14.0625,117.43320149258913,118.18464307218979,1.0,240.625,880.4773633374089
6.938893903907228e-18,0.08953128940838573,0.012760754334227385,0.1129635088611689,0.14637554300692268,0.11492924126232973,3.064506775888537,0.1129635088611689,0.4024036444054392,0.8005997402429469,3.5622445554518807,751,1.261721009578004,0.011262178442789084,5.868774592386182e-06,7.708649294122993e-10,2.7764454423098238e-05,12.827973816228557,0.4367222227675947,222.24623045987363,0.9902075190928353,2.8377939400677716e-05,1.5625,137.18686752820778,138.30512842785973,1.0,275.0,888.2251985962858
-1.3010426069826053e-18,0.0974093614192441,0.014734552452043337,0.1213859648066585,0.054355880470127384,-0.133040230565999,3.066399085382997,0.1213859648066585,0.4250435240028554,0.8614390342694714,3.501587063050143,842,1.2461427016672508,0.011825653489889374,6.162404111458767e-06,6.841253328256017e-10,2.61557896616715e-05,11.251122770969967,0.48901670317953005,181.46209665451156,0.9878110559129498,2.687192879676719e-05,30.46875,130.12928299740545,127.29084438764608,1.0,253.90625,893.3590555767088
-1.0842021724855044e-18,0.09750427519364169,0.015021464019246117,0.12256208230625863,0.01322629652302473,0.04493652520589908,3.114187970383416,0.12256208230625863,0.44643788329421513,0.8241585370685756,3.6425448629263193,803,1.256991881257028,0.013230547230800272,6.894500901928229e-06,1.4851741291207144e-09,3.853795699204506e-05,18.311528969908117,0.31313234464596473,478.06250286350723,0.9990216403657202,3.914981828575202e-05,15.625,111.68733785069068,117.5911740177284,1.0,237.5,877.8546821916106
-1.3010426069826053e-18,0.11856869663787255,0.021470801477423786,0.14652918302312268,-0.007034096835211079,-0.27442899383413843,3.1423009561559225,0.14652918302312268,0.4768664262700002,0.9566255276855319,3.2544126462149827,831,1.2358167642733382,0.01625421585785987,8.47014896188633e-06,1.2073850693514963e-09,3.474744694724342e-05,7.914726681873471,0.5692211015276898,81.63906533153023,0.980923831482827,3.576490588255533e-05,17.1875,111.1047998512415,113.36933154712287,1.0,233.59375,665.4774808528211
2.168404344971009e-18,0.10024720377727617,0.015863040040123448,0.12594856108794356,-0.008582519376825054,0.04299145195549414,3.084479756925939,0.12594856108794356,0.4835110476292074,0.8757247076496137,3.838956502977401,817,1.2563797925752551,0.013477683281549144,7.0232846699057555e-06,8.545887440766945e-10,2.9233349860676155e-05,9.399707945608977,0.5716303885517813,118.88807404672052,0.9764810423914155,3.0065183711915476e-05,44.53125,115.25710566437519,119.04614803135364,1.0,234.375,756.1733058960335
-8.673617379884035e-19,0.10488402105584496,0.01671230624583228,0.12927608535932808,-0.03503649013626993,-0.22300981327423974,3.047439220597751,0.12927608535932808,0.4670019958843499,0.9356832574499039,3.612439180737095,902,1.2325622536010103,0.012689321426764951,6.612465568923894e-06,5.592451979940068e-10,2.3648365651647193e-05,9.257342266454065,0.6342278027744154,125.82914228415063,0.9976116181065927,2.455544540207346e-05,17.1875,148.40070451666404,170.54801599700514,1.0,280.46875,880.5295481700667
8.673617379884035e-19,0.10486374391440029,0.017017026645652827,0.13044932596856462,-0.0026643914624524634,-0.13533746273884573,3.063202682030056,0.13044932596856462,0.4580447505463818,0.9286027179035721,3.511284915774577,854,1.2439888287323568,0.013691430035406169,7.134669116939119e-06,1.10204584656099e-09,3.3197075873651736e-05,14.883226579103486,0.4040742124662897,320.1775639145317,0.9981738094982662,3.395510786272361e-05,13.28125,139.313807981899,161.54033925895402,1.0,253.90625,881.5793001682462
-2.168404344971009e-18,0.11177451573400222,0.01959981386004285,0.1399993352128604,0.044858015654993706,-0.05070163341682443,3.0758039841214253,0.1399993352128604,0.48115345669193527,0.9847401035238863,3.4368267246438773,891,1.2525156945973874,0.0158441394223353,8.256456186730223e-06,8.33499913652596e-10,2.8870398571072688e-05,6.35572203732333,0.8149454743326024,49.09821860416476,0.9522637716463739,3.0027803489699206e-05,31.25,150.2913068551526,155.89869477502944,1.0,267.1875,615.7410096736793
1.734723475976807e-18,0.10029196385879915,0.015785383985285315,0.12563989806301704,-0.032102880642482484,0.07182164249185163,2.979468209538369,0.12563989806301704,0.5045706537944172,0.9813967071154535,4.016006551846615,924,1.2527414284149943,0.0126375302134774,6.585476922083064e-06,5.641716220803664e-10,2.3752297195858054e-05,8.873234879051315,0.6773040785395861,106.37754638876136,0.9448768295727041,2.464832911926598e-05,30.46875,168.21832370008863,177.95978028497436,1.0,321.875,819.8192353457036
0.0,0.09424543266155969,0.013827281978569132,0.117589463722602,0.08175662926355122,-0.029088811623953603,3.0339806794509285,0.117589463722602,0.41199536400341424,0.8649837318283915,3.503675847823636,840,1.2476940303820554,0.011662578617942329,6.077425022377451e-06,5.355886833391049e-10,2.314278901383982e-05,10.35506028987986,0.6308006397260054,144.97700054028374,0.9955211472202246,2.392746911484214e-05,2.34375,161.32233862287865,168.78929536246162,1.0,289.84375,862.8071126102859
-2.656295322589486e-18,0.09592161247766136,0.014194183613410311,0.11913934536252208,0.04494441736148617,-0.1867578460878634,3.0908785438868613,0.11913934536252208,0.4493498034391883,0.8237795070265186,3.7716323022582365,898,1.2420490261281603,0.011604888191066776,6.04736226736153e-06,4.831989443561642e-10,2.1981786650683428e-05,9.04673581067285,0.5996655127678628,122.24451175602353,0.995700967393472,2.279845465703481e-05,107.8125,162.35123950346932,171.21460160928186,1.0,281.25,928.7615582688625
-3.469446951953614e-18,0.1043340478005414,0.016951897340720966,0.13019945215215373,0.07557225220866391,-0.02942138868651467,3.0152808264162436,0.13019945215215373,0.5060598087351403,0.9777007203505103,3.8868044401888002,825,1.247909526150658,0.01465591158527315,7.637265026197577e-06,7.849592826255048e-10,2.801712481011399e-05,11.75096032799943,0.5643142025120491,208.552313558738,0.99584375314855,2.9039405980596184e-05,2.34375,172.58774209331872,168.06314267436932,1.0,324.21875,874.2444070252186
0.0,0.09575280348289737,0.014657333671890711,0.1210674756980202,0.008549751060457331,0.1896828703509601,3.0263918463843167,0.1210674756980202,0.4231648311993184,0.8980452260705629,3.49528086515013,960,1.2643752589410537,0.013192520572388986,6.874685029905672e-06,7.459272631713673e-10,2.7311668992783418e-05,11.63104807203568,0.4921174895700268,201.18450434054148,0.9692197367072373,2.8163603417030577e-05,30.46875,164.86362667123186,179.42131130856322,1.0,323.4375,898.2013179026972
4.336808689942018e-19,0.10828114145283016,0.018428846861712093,0.13575288896267398,0.08367696393689489,0.044254128779277035,3.0077059446879364,0.13575288896267398,0.5459073113100653,1.0280863683717527,4.02133107797187,920,1.253707590640898,0.015779721184869134,8.222887537711899e-06,1.0301545733535007e-09,3.2096021145205845e-05,9.4918154359318,0.57738198473623,124.50365999080107,0.9700131211010312,3.313261916618362e-05,15.625,150.1334328750605,164.63022765170345,1.0,268.75,754.4187646026476
8.673617379884035e-19,0.11299925576290107,0.019944704327196548,0.14122572119552637,0.08130503484149977,-0.014274691976633225,2.953040091497865,0.14122572119552637,0.6347261652890722,1.1347407384772743,4.494409091459315,913,1.2497933746736443,0.01591351268575208,8.292606923268412e-06,1.1238406484410186e-09,3.352373261498514e-05,10.256943221801263,0.5633737323067305,143.76042196491233,0.951101858553901,3.4534156686168805e-05,14.0625,147.0747782066366,160.82345205559855,1.0,267.96875,743.8453027568099
1.734723475976807e-18,0.11421495677523026,0.020322868510845495,0.14255829863899713,0.02304369572115689,0.00946149857402867,3.002061581559242,0.14255829863899713,0.566330723729545,1.086889850347068,3.9726254391101716,884,1.2481578828554412,0.016354275582334814,8.522290558798756e-06,8.41114880908858e-10,2.900198063768849e-05,6.419001916186361,0.7656575731551202,52.08460796254471,0.9802451628981396,3.0228204003503888e-05,1.5625,147.35039238177006,160.27041354752345,1.0,275.0,665.8917669731505
-4.336808689942018e-19,0.10674460102303787,0.01785572232480458,0.13362530570518663,0.06250482797103929,-0.04618036273442039,3.085266355973266,0.13362530570518663,0.45703076527448505,0.9292107829954411,3.4202411202172875,863,1.2518226160810446,0.014099519662125498,7.347326556605262e-06,9.609447647526865e-10,3.099910909611253e-05,9.7926601069905,0.5368016235232367,124.06885531581372,0.923884029935404,3.185793421240748e-05,16.40625,135.85036968534416,151.29943492223356,1.0,252.34375,756.1653031653558
8.673617379884035e-19,0.10687960777915193,0.017888917566537807,0.1337494581915673,0.030611019887702384,-0.06752931491940606,3.1257144400148116,0.1337494581915673,0.42748351643135063,0.8898398608475107,3.1961513879112133,896,1.251402966110591,0.015435080744973628,8.043293770179067e-06,9.138911522030088e-10,3.0230632679502572e-05,9.049349619846543,0.5814597695429574,118.57205977108661,0.9969863056153145,3.128235488060977e-05,12.5,152.70846968357841,169.1727650085337,1.0,296.875,786.4241279771637
1.8431436932253575e-18,0.11456889349375149,0.02033916917042796,0.14261545908641166,0.0463210698863846,-0.14325737827937113,3.0854430413443805,0.14261545908641166,0.5418501097479151,0.990888442098905,3.7993785051002398,898,1.2448008768993637,0.016307359072644627,8.497842143118617e-06,1.569010878433445e-09,3.961074195762363e-05,14.494217961001926,0.39973412319373347,293.5256621744132,0.988999825665129,4.051202536930002e-05,30.46875,144.95123757418943,162.3556356223596,1.0,267.96875,788.9133720198593
8.673617379884035e-19,0.11289662128726838,0.01980006878739253,0.14071271721984666,0.0647346921540931,-0.06277281110189437,2.9469036477513533,0.14071271721984666,0.6296932037415268,1.1385588602426078,4.4750269640355755,892,1.2463855482601158,0.01637570898756376,8.533459607901907e-06,9.90762454309146e-10,3.147637930749256e-05,8.179116676366874,0.7242647323731064,85.71794450530675,0.99465659906451,3.261261086127327e-05,17.1875,154.52996637504472,167.64472425213884,1.0,302.34375,663.1673763807995
5.204170427930421e-18,0.10247860572011472,0.01626988794487748,0.12755347092446162,-0.024835046221056613,-0.15284794612847907,3.1262174285813957,0.12755347092446162,0.3870373354341663,0.8464423642968424,3.0343144144103573,835,1.244683902831683,0.013267557707758058,6.91378723697658e-06,6.29541206129739e-10,2.5090659738829884e-05,7.940442968423772,0.6799774420796372,85.68278968670566,0.9962409238395843,2.602578836630928e-05,3.125,150.09815799691745,154.57412893183738,1.0,267.1875,757.8429802510584
2.168404344971009e-18,0.0980054423507021,0.014769403998627851,0.12152943675763436,0.09935527606388492,-0.13912081804890963,3.1130969887841493,0.12152943675763436,0.44565947870130507,0.8174310376786058,3.6670907937315786,938,1.2400274295253333,0.011640679188776409,6.066013125990833e-06,3.6298866426293203e-10,1.9052261394987527e-05,7.817157182980364,0.7783380146775095,91.09133237178997,0.9885632108294051,1.9994628766436878e-05,107.8125,180.49320299997026,182.9714228007487,1.0,352.34375,887.4057890408044
0.0,0.10826867340205812,0.018345221619355437,0.13544453336829596,0.10101327947225047,-0.06703131306272203,3.101522891126383,0.13544453336829596,0.5045047854419231,0.9239863473413945,3.724807291189019,933,1.2510039064145515,0.015302320354233087,7.97411170100734e-06,1.1205325252234573e-09,3.347435623314446e-05,13.63341521257862,0.4436710574715034,273.4166243685127,0.9936041170855979,3.441102995615795e-05,15.625,153.22082815843072,174.2193775775736,1.0,305.46875,854.7009473708333
-1.734723475976807e-18,0.11519581406321767,0.020752684256667504,0.14405791979848767,0.11551321774369072,0.032036462872014226,2.999537987319206,0.14405791979848767,0.615894301256278,1.1000167392234725,4.275324134332972,904,1.2505482162696548,0.017047245937156855,8.883400696798778e-06,9.749364052796567e-10,3.1223971644870176e-05,7.22628116710093,0.7634302863184333,66.21495351529998,0.9552836265283556,3.246307461131095e-05,89.0625,159.98403718842147,164.02015891360324,1.0,287.5,647.9545244011526
-3.469446951953614e-18,0.11415167841172211,0.02044901533983592,0.14300005363577986,0.09178086405590316,-0.11149449753193963,3.1120305396585954,0.14300005363577986,0.5438647837893291,0.9643867144235201,3.8032488097840083,920,1.2527196763590938,0.01725194960919794,8.990072751015082e-06,1.0689438910044665e-09,3.2694707385209405e-05,9.00697835869671,0.6140633700697824,118.81712683908947,0.9973871472978604,3.3908189262669435e-05,1.5625,147.8675324651921,166.15183448282093,1.0,287.5,750.9479604027254
-8.673617379884035e-19,0.11157618206779024,0.019143515824394185,0.13836009476866581,0.04659121528283174,-0.19362269288953549,3.066302575479803,0.13836009476866581,0.5069001956316531,0.9822825754146516,3.6636300118121197,973,1.2400504498765024,0.014686913113673341,7.653420069657811e-06,5.968424493877696e-10,2.443035917435046e-05,7.371485188248856,0.834570615831261,73.52280203521545,0.9776751992702665,2.5601118884736475e-05,3.125,178.26596018198057,182.02670259559451,1.0,355.46875,741.0215050212253
-8.673617379884035e-19,0.10156677213736194,0.01600706545537288,0.12651903198876002,-0.016028355909438158,-0.13465095233599111,3.0963764762776633,0.12651903198876002,0.4492224156701693,0.8690402232403114,3.5506311470204603,861,1.2456734552679483,0.012676963225229355,6.606025651500446e-06,4.359727997612027e-10,2.0879961680070265e-05,6.454059577922909,0.800018732552498,57.15289627103565,0.9677859596132862,2.1900054216131168e-05,120.3125,167.50550896534466,166.98223227891114,1.0,290.625,805.0039537191028
1.734723475976807e-18,0.09905101093303385,0.01531279928804743,0.12374489600806746,0.06252967147171208,-0.07151756827751399,3.071886311829884,0.12374489600806746,0.44249006263618557,0.8736549730009859,3.575824756500161,969,1.2493047253372163,0.013016128107784262,6.782766080137708e-06,5.121529273260918e-10,2.2630795994089376e-05,9.168858490374465,0.6775092522845613,125.78874994059248,0.9942513586223303,2.3625385563498397e-05,107.03125,185.0781269919172,183.10686417535484,1.0,363.28125,904.9584452843295
3.469446951953614e-18,0.10733106784415974,0.018165280164423425,0.13477863393143374,0.04506384957611313,-0.05191182192023369,3.064599057596505,0.13477863393143374,0.49628121904543865,0.9595824890721878,3.6821950525030025,922,1.2557280630723504,0.015505134055085813,8.079798882275045e-06,8.526434891059087e-10,2.920005974490307e-05,8.23791827690085,0.6612844536797318,92.26886282016854,0.9957972502248474,3.029730415538521e-05,14.0625,159.42318040048107,166.84112181963982,1.0,296.875,751.2254936645692
2.168404344971009e-19,0.12949554313602063,0.025991481059173337,0.16121873668768572,0.002515400405872934,-0.07805768795532364,3.0783783984109747,0.16121873668768572,0.529543612261373,1.1287832394048751,3.2846282208947546,867,1.2449751766232093,0.021047413215175885,1.0967906834380347e-05,2.744651762949718e-09,5.238942415172854e-05,19.1600780227542,0.3569793947922406,546.4615428754382,0.989068350556344,5.352519727453011e-05,13.28125,128.3316261864228,147.31683051947317,1.0,239.0625,765.072770750052
-5.204170427930421e-18,0.10563486558288143,0.017319414625834334,0.1316032470185836,0.004957938799399442,-0.21790798699554292,3.1680898868609173,0.1316032470185836,0.413295401526962,0.8339370689606111,3.1404650788639037,822,1.2458315376501077,0.014356373342178923,7.481174227294905e-06,7.693236725634215e-10,2.7736684599342825e-05,10.627328377386007,0.5600430554456973,181.3935804888364,0.9974705050485668,2.872788959152e-05,15.625,156.13109958053195,151.85077575794338,1.0,283.59375,887.0449284697639
4.7704895589362195e-18,0.08920896223814574,0.012369702231291874,0.1112191630578646,-0.00032406772933533685,-0.16921909925776335,3.0811325532099563,0.1112191630578646,0.3556441324657996,0.7760912853463602,3.1976875449131614,781,1.2467263408015221,0.010140326758601905,5.284172359875927e-06,3.243575278791606e-10,1.8009928591728525e-05,7.971482927300118,0.7522826095561396,87.96041444663848,0.9974142728727542,1.876912372509802e-05,104.6875,168.099661084358,156.39629124767987,1.0,281.25,880.0288481135058
-1.3010426069826053e-17,0.08612443531709907,0.011454188702478846,0.10702424352677689,0.05424696810181799,-0.15502279714322498,3.0948697944185954,0.10702424352677689,0.38566564001008297,0.7368356332243496,3.6035353047236582,764,1.2426699012043148,0.009125452372036425,4.7553165044483716e-06,2.6264260284857877e-10,1.6206251967946775e-05,7.955475265295779,0.6861038177402463,94.13648929959162,0.9777389628306299,1.688951266040728e-05,107.8125,163.196803825851,155.15861812670462,1.0,268.75,1031.4308326248818
1.734723475976807e-18,0.10628997236638685,0.01720065374683869,0.13115126284881398,0.041881144745171295,-0.2908692879432837,3.1507720271450217,0.13115126284881398,0.4346008420993259,0.8465606443711433,3.3137373797179266,829,1.2339006204341556,0.01269702142813591,6.616478076152116e-06,5.498233407098538e-10,2.3448312107907762e-05,8.001228797106231,0.7036897378659601,88.02668651819326,0.9924617549764058,2.436393077567853e-05,1.5625,143.12221387502606,131.02264730196893,1.0,264.0625,817.3508176004302
-2.168404344971009e-18,0.09655124036383302,0.014680474442401142,0.12116300773091242,0.06127421375694232,0.015696886689898548,3.031747713689668,0.12116300773091242,0.4616093122704479,0.8939371335943389,3.8098205130036327,972,1.2549088678129368,0.01249330560584811,6.510320795126685e-06,3.3846039723803443e-10,1.8397293204111154e-05,6.00251795409853,1.0454253971477347,47.074140189635756,0.9943400065323074,1.951524209671746e-05,13.28125,187.45329451106835,185.1627161326854,1.0,360.9375,745.5631870666903
2.168404344971009e-19,0.09953652229859011,0.01523744615612973,0.12344005085923179,-0.06894178098993776,-0.1780830247000047,3.0515464525974174,0.12344005085923179,0.46223888004682395,0.8901498424658971,3.7446426571384888,962,1.2401483195176919,0.011998264173543003,6.25235235723971e-06,3.1683773049302946e-10,1.779993624969004e-05,7.1074148185052906,0.809020614878208,82.17469927112414,0.9804227766929055,1.8866097648748413e-05,108.59375,202.25662890093687,190.05094941267228,1.0,382.8125,965.0795186970195
1.734723475976807e-18,0.11532806613205666,0.02066179684654733,0.14374211925022995,0.053944060541698806,-0.07653393829458643,3.0353420389299806,0.14374211925022995,0.49285549924921995,1.056153697195138,3.4287479676798456,933,1.246375874244156,0.016946694292506996,8.831002757950493e-06,1.1759008786521847e-09,3.4291411149910187e-05,13.174821606401121,0.5411202817420054,248.41897673814205,0.9972797457580594,3.541027376854228e-05,15.625,166.66580334038647,171.2875332315159,1.0,324.21875,807.1171046028016
-8.673617379884035e-19,0.11391016195812571,0.020121709061997728,0.14185101008451695,0.014202196429212024,-0.01348467280510679,3.024077813475678,0.14185101008451695,0.546014495827738,1.0546704071430943,3.849211193507994,921,1.2452884593093856,0.015910491923922236,8.291032789954267e-06,7.848070522686348e-10,2.801440794071213e-05,7.8898600162003145,0.7157746366296857,89.60122840467652,0.9668342400596911,2.921554854855085e-05,32.03125,164.10805625002445,171.68605727377542,1.0,306.25,746.0440101159294
0.0,0.10708303050657944,0.017951325434374145,0.13398255645558546,0.02983333029930685,-0.10055546054701114,3.11249606657524,0.13398255645558546,0.4745630427440731,0.903813172925676,3.5419763236223094,873,1.2512025091347527,0.014881677293614667,7.75491260740733e-06,5.185772911198456e-10,2.277229217974874e-05,6.769254308139643,0.8467210025826417,67.75773005576879,0.9970807951903295,2.4056515971112087e-05,46.09375,185.8422666555901,175.61082012020785,1.0,336.71875,791.9365966805581
6.071532165918825e-18,0.0973324451826863,0.014925602145085998,0.12217038161962988,-0.023875041377769746,-0.012667807300450029,2.998503394927936,0.12217038161962988,0.48333978944067874,0.9350739704173718,3.956276333371275,800,1.2551866069975381,0.012214585700930366,6.365078530969445e-06,4.756887243402419e-10,2.1810289414408098e-05,7.295476182815213,0.7879312196158198,68.22414966117925,0.9547548353670422,2.2720100110819275e-05,17.1875,161.28690351913934,161.10736864836647,1.0,269.53125,770.2846463366826
1.734723475976807e-18,0.1077216731365074,0.01804816982765327,0.13434347705658534,0.05914413360180422,-0.06345922608648946,3.0303936711298873,0.13434347705658534,0.4605962535356624,0.993441714546121,3.4284973385172974,921,1.247135076395835,0.014949296941564367,7.790149526609885e-06,6.149633519286699e-10,2.4798454627832554e-05,7.703642540834415,0.8061816398394835,85.27022685429372,0.9968177505443022,2.5993264157769992e-05,108.59375,168.92189941735046,172.49854185255603,1.0,316.40625,766.6343063487947
-8.023096076392733e-18,0.09577463461178154,0.013996981996201432,0.1183088415808448,-0.039644748041359146,-0.10023651188203209,2.995666538659436,0.1183088415808448,0.4866099490078394,0.9048255102964642,4.113048040245757,760,1.2352836642019542,0.010907536851400291,5.683969177384206e-06,3.456830317474049e-10,1.85925531261149e-05,6.954831357773423,0.7813015173985356,66.5008931590001,0.9859159811615398,1.944197874077787e-05,16.40625,157.04822236108933,156.08010862260534,1.0,257.8125,871.8496380867833
-1.3010426069826053e-18,0.07978454980520616,0.01015471947829804,0.10077062805350595,0.06815388750051359,0.023889553917891604,3.0676332173285337,0.10077062805350595,0.3373476167801649,0.7136221187848304,3.347678021824417,710,1.2630343631635106,0.008817805382608167,4.59500019937893e-06,2.63145871641702e-10,1.622177153216325e-05,7.264421621076147,0.809393801082154,67.33730238623433,0.9902004765968693,1.6860008851539623e-05,133.59375,142.08617833355225,116.60164690890534,1.0,244.53125,839.2077442617884
-8.673617379884035e-19,0.12475242519383548,0.024181484617792667,0.1555039697814582,-0.03895311768060752,-0.08166486442659426,3.043862225822074,0.1555039697814582,0.5402071884506826,1.133010396470838,3.4739125258980703,855,1.2465005753582918,0.01826653608879883,9.518778576758118e-06,9.098834666038927e-10,3.0164274673923334e-05,6.720994511221882,0.7728928039502961,65.84472517447679,0.9191309397746492,3.1630532910421257e-05,1.5625,155.7086545268076,162.28811174201232,1.0,275.0,698.9263578153264
2.6020852139652106e-18,0.11359635218864825,0.01992007402867159,0.14113849237069095,0.01433959128035901,-0.05411128275642474,2.903347891372125,0.14113849237069095,0.746036739213357,1.1965239831169407,5.28584886151356,901,1.2424562026103072,0.016235233683018425,8.460257260561973e-06,7.902512127338086e-10,2.811140716388649e-05,9.827545054629592,0.6457290285093529,155.06351281189058,0.9971613471961525,2.9356892983568615e-05,15.625,171.2541212618174,175.14026587958935,1.0,306.25,851.0388616945504
-3.469446951953614e-18,0.11287212292012247,0.020058815327110832,0.14162914716650254,0.013841182769698509,0.05228722954529852,2.944881401776802,0.14162914716650254,0.6402099223637489,1.150084922414484,4.520326042852627,920,1.2547752580744043,0.017403421426361,9.069005433226159e-06,8.335935593739513e-10,2.8872020354903314e-05,7.010543204051184,0.7852745822385594,70.8378810730218,0.9940498641832942,3.0262855432391652e-05,77.34375,161.74629131872427,164.85183367068348,1.0,293.75,709.1530755499051
-3.469446951953614e-18,0.10230885669899396,0.016595604097389662,0.1288239267271017,0.037354186916400335,0.06933447237451285,3.1081974576006246,0.1288239267271017,0.4387151659583942,0.8737089080666613,3.4055410132603754,820,1.2591669077694665,0.01410871405613113,7.352117798921902e-06,6.233124282826241e-10,2.496622575165546e-05,7.256842123651092,0.7349123106434313,72.00772255258836,0.9540420914838499,2.6026257210975383e-05,133.59375,154.02764733829187,152.41720399717988,1.0,263.28125,757.991087953374
1.734723475976807e-18,0.11398428932110241,0.020186318875358007,0.14207856585480447,-0.0029484532768135644,-0.07190189203749231,3.0353136764387925,0.14207856585480447,0.5346424203532035,1.0442009691191267,3.7630054690978167,831,1.2464749896765013,0.016886473959072546,8.799621656629779e-06,8.729008346588297e-10,2.9544895238582752e-05,7.084071474438535,0.8026140603519842,66.96561864008855,0.9953247494728211,3.082749058808805e-05,107.03125,143.1672827792958,129.3166592097181,1.0,267.96875,673.7978228154915
3.2526065174565133e-18,0.0835950033262994,0.010972604075657217,0.10475019845163644,-0.08802635540052073,0.1299128294288101,2.9860617972258137,0.10475019845163644,0.3523066163243544,0.810874654676436,3.363302614524551,757,1.253067698828376,0.00968921250820655,5.049094584787155e-06,2.949037531704747e-10,1.7172761955214856e-05,7.2353357199019666,0.8077276016549064,68.3899056869808,0.9966258765837165,1.7899639920864375e-05,107.8125,162.40232774593613,159.90777128193514,1.0,273.4375,857.9170198821462
-3.469446951953614e-18,0.10458037840898375,0.01708006089825335,0.1306907070080094,-0.030588684516308175,-0.12463472833369194,3.1565414885253946,0.1306907070080094,0.4199726172401704,0.8376271956525532,3.2134849283081186,756,1.2496675666721693,0.014225856974844537,7.413161529361405e-06,5.920797705927817e-10,2.4332689341558235e-05,7.692497788533217,0.6920117927432973,94.26972455523067,0.9857921372829253,2.5436877450921243e-05,133.59375,165.03087091014217,148.76894784382876,1.0,289.0625,856.6917488765042
0.0,0.10853891343986054,0.01845987932647853,0.13586713850846543,0.02306485486567902,-0.03007248864838763,3.005617752367769,0.13586713850846543,0.5216146565814479,1.0322276415682645,3.839152441919926,901,1.251782740424677,0.01573978257282706,8.202075337585754e-06,8.217616152375375e-10,2.866638476050891e-05,9.06933580501602,0.6623283215261266,119.26584696065633,0.9946430777138361,2.9816700942273442e-05,61.71875,159.61929711329117,166.85058328854754,1.0,284.375,759.7736705119883
-1.734723475976807e-18,0.11884643579190966,0.022377973965799387,0.1495926935575377,0.059136054429099125,0.04786512665959819,3.0621415125444242,0.1495926935575377,0.5300985262110622,1.0669769586429276,3.543612415850851,864,1.2587057622784936,0.019350797889054527,1.0083792542498451e-05,1.6325978906771512e-09,4.040541907562835e-05,17.516683085691444,0.4527441812722965,473.51878743451124,0.9857399636513368,4.164469669378441e-05,14.84375,161.2216755671963,167.2638575585596,1.0,309.375,847.6005636180416
-8.673617379884035e-19,0.11441001860977752,0.020324772275391742,0.14256497562652526,-0.005962285875889926,-0.14018318161718302,3.0793531568059347,0.14256497562652526,0.49191005098019813,0.9975260873895289,3.450427068909586,882,1.2460882128931112,0.016750407166500454,8.7287166057845e-06,7.944899416578767e-10,2.8186697955913118e-05,7.5375532811924915,0.7414450710499094,84.11417886932296,0.9973697543065647,2.9507294610688635e-05,105.46875,172.27574572444584,166.9229730523236,1.0,309.375,764.4256107706653
2.6020852139652106e-18,0.11616272982886977,0.02099404168419461,0.14489320786080556,-0.056740095354827394,-0.1574997277321466,3.1339456756552058,0.14489320786080556,0.5106807846822229,0.9532905070959805,3.5245322553201954,920,1.2473295701147982,0.01749632800479785,9.117419491817537e-06,1.3296408514843128e-09,3.646424072271782e-05,15.975004898769969,0.4534974958477223,388.88857540862887,0.9875618819526297,3.7586808718938715e-05,15.625,162.59502455035636,169.72187049469198,1.0,298.4375,864.4676600317841
0.0,0.11586588859150537,0.02120811798751742,0.1456300724009894,-0.005526798813622695,-0.018363116451857397,3.0302827690696863,0.1456300724009894,0.5264157200278488,1.076859521331767,3.6147459885783335,926,1.2568847843943103,0.017574172851159506,9.157984810400994e-06,8.731732706307708e-10,2.954950542108566e-05,7.021779241231484,0.899164319268192,61.789479794195486,0.976721259832799,3.093609471827862e-05,15.625,170.6506471941421,173.12923762049343,1.0,327.34375,618.3082820737916
1.734723475976807e-18,0.11826530269552599,0.02199856370094807,0.14831912789976912,0.02738173572137957,0.026305698845323633,3.0325480395090096,0.14831912789976912,0.5863373375464312,1.0930877776148555,3.9532145708317907,858,1.2541220841552885,0.018564081467641987,9.67383088464929e-06,1.4525315713377679e-09,3.8112092193131666e-05,9.946210041219228,0.593700268024289,137.87024460912073,0.9707206891708273,3.9320663464933576e-05,107.03125,149.456828303223,158.5457376992253,1.0,267.96875,678.7835503157856
-3.469446951953614e-18,0.12050889932014627,0.022730637835729737,0.15076683267791274,-0.08769086656218858,-0.09231650620327425,3.0241749371441675,0.15076683267791274,0.5093356417487345,1.121177973512995,3.378300337693251,895,1.2510846379683767,0.018661763774295875,9.724733597861322e-06,9.97576196052917e-10,3.1584429645838426e-05,7.009321544680975,0.8135822675569618,66.85378813932871,0.9758219510548956,3.304764196735207e-05,31.25,150.010886814822,158.96757266093158,1.0,269.53125,650.7651529609457
-8.673617379884035e-19,0.11454668314236574,0.020372359039725264,0.14273177305605528,-0.07019720883087979,-0.11817296861854087,3.1164294593211506,0.14273177305605528,0.46941353367241256,0.958895720872154,3.288780932386085,966,1.246057669593622,0.017138496808250733,8.930951958442278e-06,8.239510218773898e-10,2.8704547059262055e-05,8.827262911133838,0.7350056669274735,119.68502113514265,0.9946353869197938,3.0061818387472735e-05,17.1875,183.3194795619578,174.30608252403505,1.0,341.40625,776.323594699996
4.336808689942018e-19,0.10809678284380034,0.01808872142788035,0.13449431745572135,-0.054690141330137276,-0.13899626412345256,3.1178143057494654,0.13449431745572135,0.4023043550346167,0.9017819142972135,2.9912368243146377,823,1.2442027775245208,0.014537605741579498,7.575615290036216e-06,5.883346831209779e-10,2.4255611373885793e-05,6.530184908881407,0.8040925871981387,60.338469016497804,0.9980420606870218,2.5411112335818918e-05,15.625,137.72343306522,124.29119523358551,1.0,240.625,750.8536575954762
-3.469446951953614e-18,0.10115020112817591,0.016094864841818237,0.12686553843269746,-0.04464312307196453,-0.02203650347595998,3.029366442616215,0.12686553843269746,0.48395556294279113,0.937136286232508,3.814712560413173,786,1.254229225623936,0.013658501040866461,7.117509661733435e-06,5.844777245146301e-10,2.4175974117181505e-05,6.470970251627808,0.7976339353896632,55.912716598581376,0.9782452750311955,2.520191794882879e-05,103.125,135.37476026523984,118.39863802007166,1.0,241.40625,712.0002642432142
-1.734723475976807e-18,0.11255488026202617,0.02038251184332451,0.14276733465090855,-0.026236826618078263,0.19287363298569327,2.8991677578477915,0.14276733465090855,0.5969659698061429,1.2176490166120346,4.181390450874709,983,1.268424206205437,0.018005689309214985,9.382850082967683e-06,9.493170925519662e-10,3.081098980156214e-05,8.575820205666878,0.6913417838874033,107.38607347841791,0.9748437953496588,3.220799540846051e-05,107.8125,176.44271127175236,180.72116571658205,1.0,350.0,755.3961867442849
3.0357660829594124e-18,0.12350752308471988,0.023514975163492602,0.1533459329864754,-0.04598418838650543,-0.1524671466546934,3.0814994824852033,0.1533459329864754,0.5590384993458604,1.0684756007705838,3.645603691329497,983,1.2415918411811067,0.01882527705692167,9.809941144826301e-06,1.220828536023357e-09,3.4940356838809716e-05,9.216322494575696,0.7397043654109112,111.86060409753945,0.9938309218857608,3.6291369239645846e-05,121.09375,170.3493016393961,175.92958520423485,1.0,342.96875,666.1868920789351
-2.6020852139652106e-18,0.1276950005092509,0.025233529134720517,0.15885065040697982,-0.03744544021598107,-0.15271003889503643,3.0272992173131965,0.15885065040697982,0.6093098434898255,1.1777840300408455,3.8357403128583774,894,1.2439848840869212,0.02028364650494168,1.0569904379854967e-05,1.4065609172450656e-09,3.750414533415027e-05,8.434453780941345,0.6469563060541882,102.89284711065004,0.9894725032148091,3.8965161309102046e-05,30.46875,152.0709543642325,159.41792679481995,1.0,273.4375,687.5435452883336
-8.673617379884035e-19,0.09612420329225521,0.014254571713719189,0.11939251112912898,-0.005673313630743072,-0.19418529791713945,3.1138170694906666,0.11939251112912898,0.3915521543496689,0.8040595351594921,3.2795369713447573,731,1.2420650267043463,0.011003271480411641,5.73385694654072e-06,3.5096352187205625e-10,1.873402044068641e-05,5.375966460118241,0.8669745145615034,35.068555881663,0.9880532632200968,1.9591851299850392e-05,76.5625,138.31356015717697,113.07506560125671,1.0,253.125,729.1596956527534
0.0,0.12581900701934123,0.02534277329203036,0.15919413711575675,-0.050309803382072506,0.1586037678930361,2.9811189392346624,0.15919413711575675,0.6213594586561073,1.2407026799494338,3.9031554171137013,950,1.2652630225517913,0.022842580703098907,1.1903377125116679e-05,1.9114333520641e-09,4.37199422696794e-05,9.878263690235208,0.5916546956564792,150.87220331557816,0.9983756657398526,4.531140848668083e-05,14.0625,152.49860729368078,155.16117460645725,1.0,270.3125,686.0336262908321
8.673617379884035e-19,0.11886871713373491,0.022278852868379266,0.1492610226026181,-0.08790978431313708,0.10041423511558367,2.988399522110485,0.1492610226026181,0.5441413529999999,1.1537740841018185,3.645568973814973,932,1.2556795951174429,0.01902810688034674,9.915636727642907e-06,9.293681027022921e-10,3.048553923915882e-05,6.884879743888685,0.8390061103481845,67.30280872407018,0.995034007804313,3.205757249725676e-05,107.8125,171.82090035311433,165.62953920486953,1.0,305.46875,679.0139369133188
-3.469446951953614e-18,0.12604246451207946,0.02498661921296045,0.15807156358105795,-0.039270543435128216,-0.001430062276886357,3.0636384173281512,0.15807156358105795,0.5627911909254919,1.1252242727953097,3.5603569558979955,959,1.25411355762493,0.02179173819213947,1.1355778109504674e-05,1.275725811148057e-09,3.5717304085667735e-05,6.761671279127179,0.8201952533758226,63.00993074685512,0.9965505152406544,3.747905425194668e-05,13.28125,168.03219387905713,165.8231581971709,1.0,311.71875,621.4516088611257
2.8189256484623115e-18,0.13049177005300577,0.026262851632987378,0.16205817360746536,-0.048688240970892416,-0.2143538321305587,3.1217987421433766,0.16205817360746536,0.5078431013399661,1.0826019681812458,3.133708655572383,955,1.2419034054150488,0.021276215426066072,1.1087136751467469e-05,9.95798720670101e-10,3.1556278625181725e-05,5.32046614666441,0.980050667910277,37.02617198756109,0.9982367276426731,3.344732159704035e-05,16.40625,164.9401352720889,160.78846286260915,1.0,296.09375,595.7184986827109
1.5178830414797062e-18,0.13069858165708842,0.02677654813838594,0.16363541223826197,-0.0865538342355924,-0.09774632862644772,3.1246916782497522,0.16363541223826197,0.4978334935619636,1.0889790251420643,3.0423334824193873,932,1.2520060291670903,0.02167896994575159,1.1297014041558932e-05,1.7492315380121253e-09,4.182381544063293e-05,8.99729014876572,0.6559073693988878,106.15127308196529,0.9738179670699363,4.332267378945238e-05,106.25,155.23134195762043,159.9071295882478,1.0,282.8125,630.9279812442336
-4.336808689942018e-18,0.1299181008134111,0.026538021476473724,0.16290494613876438,-0.02261086450780952,-0.10962458664966412,3.122513342572265,0.16290494613876438,0.5139925415429604,1.0877708680412157,3.1551684201481236,909,1.2539049225537027,0.023067370911550644,1.2020516368707995e-05,1.185746854975483e-09,3.443467518324346e-05,5.405285232707981,0.9804309040555962,38.20568886182895,0.9973854302663551,3.647245081902038e-05,133.59375,170.8506777240961,160.53157153818287,1.0,313.28125,557.2760323904495
-2.6020852139652106e-18,0.3957731174735075,0.3343659550349301,0.5782438542993174,-0.09003856967418994,4.913596913175482,2.428815934594605,0.5782438542993174,3.5448672168186035,7.400894120166718,6.130401889206535,1760,1.4610488402816397,0.4913445694817404,0.00025604198513899966,4.170886351931527e-06,0.002042274798339226,22.704501181226533,0.13819038442991619,608.1635216695951,0.8732771006330826,0.0020582623375278103,13.28125,128.34224279568596,173.18686556128858,1.0,303.90625,123.26744628867034
